{"USDAED":3.672404,"USDAFN":67.900002,"USDALL":122.849998,"USDAMD":483.670013,"USDANG":1.777504,"USDAOA":165.087997,"USDARS":15.430402,"USDAUD":1.352604,"USDAWG":1.79,"USDAZN":1.702041,"USDBAM":1.792104,"USDBBD":2,"USDBDT":80.480003,"USDBGN":1.798304,"USDBHD":0.376904,"USDBIF":1701.900024,"USDBMD":1,"USDBND":1.403304,"USDBOB":6.903946,"USDBRL":3.122204,"USDBSD":1,"USDBTC":0.000563,"USDBTN":64.349998,"USDBWP":10.444304,"USDBYN":1.880398,"USDBYR":20020,"USDBZD":1.997704,"USDCAD":1.370804,"USDCDF":1407.849976,"USDCHF":1.00081,"USDCLF":0.02502,"USDCLP":671.950012,"USDCNY":6.897104,"USDCOP":2920,"USDCRC":563.130005,"USDCUC":1,"USDCUP":1.00036,"USDCVE":100.910004,"USDCZK":24.28104,"USDDJF":178.000359,"USDDKK":6.80644,"USDDOP":47.330002,"USDDZD":109.196999,"USDEEK":14.10804,"USDEGP":18.120001,"USDERN":15.290392,"USDETB":22.850392,"USDEUR":0.914704,"USDFJD":2.11104,"USDFKP":0.775804,"USDGBP":0.77594,"USDGEL":2.431504,"USDGGP":0.77604,"USDGHS":4.238504,"USDGIP":0.77604,"USDGMD":44.950001,"USDGNF":9020.000355,"USDGTQ":7.338504,"USDGYD":205.479996,"USDHKD":7.791904,"USDHNL":23.389999,"USDHRK":6.759704,"USDHTG":67.300003,"USDHUF":283.279999,"USDIDR":13325,"USDILS":3.595504,"USDIMP":0.77604,"USDINR":64.309998,"USDIQD":1181,"USDIRR":32451.000352,"USDISK":104.000352,"USDJEP":0.77604,"USDJMD":129.520004,"USDJOD":0.709504,"USDJPY":113.279999,"USDKES":102.949997,"USDKGS":67.815002,"USDKHR":4020.00035,"USDKMF":450.299988,"USDKPW":900.00035,"USDKRW":1121.910034,"USDKWD":0.304204,"USDKYD":0.820383,"USDKZT":315.76001,"USDLAK":8191.000349,"USDLBP":1505.599976,"USDLKR":152.570007,"USDLRD":91.000348,"USDLSL":13.360381,"USDLTL":3.048704,"USDLVL":0.62055,"USDLYD":1.408504,"USDMAD":9.898604,"USDMDL":18.495001,"USDMGA":3120.000347,"USDMKD":56.009998,"USDMMK":1352.000346,"USDMNT":2405.000346,"USDMOP":8.028604,"USDMRO":357.000346,"USDMUR":35.070378,"USDMVR":15.350378,"USDMWK":717.679993,"USDMXN":18.807501,"USDMYR":4.344039,"USDMZN":70.440002,"USDNAD":13.351039,"USDNGN":315.000344,"USDNIO":29.410377,"USDNOK":8.557504,"USDNPR":102.949997,"USDNZD":1.455604,"USDOMR":0.384804,"USDPAB":1,"USDPEN":3.269504,"USDPGK":3.283039,"USDPHP":49.669998,"USDPKR":104.800003,"USDPLN":3.853104,"USDPYG":5619.299805,"USDQAR":3.640504,"USDRON":4.153304,"USDRSD":112.987038,"USDRUB":57.042038,"USDRWF":819.25,"USDSAR":3.750104,"USDSBD":7.871504,"USDSCR":13.254038,"USDSDG":6.659804,"USDSEK":8.817304,"USDSGD":1.40303,"USDSHP":0.776038,"USDSLL":7430.000338,"USDSOS":549.000338,"USDSRD":7.47037,"USDSTD":22421.5,"USDSVC":8.722204,"USDSYP":514.97998,"USDSZL":13.35037,"USDTHB":34.639999,"USDTJS":8.499304,"USDTMT":3.41,"USDTND":2.399504,"USDTOP":2.309604,"USDTRY":3.572104,"USDTTD":6.719504,"USDTWD":30.173038,"USDTZS":2227.000335,"USDUAH":26.450001,"USDUGX":3630.000335,"USDUSD":1,"USDUYU":28.000335,"USDUZS":3760.000334,"USDVEF":9.974504,"USDVND":22689,"USDVUV":110.320366,"USDWST":2.603038,"USDXAF":599.700012,"USDXAG":0.060728,"USDXAU":0.000814,"USDXCD":2.703604,"USDXDR":0.732325,"USDXOF":597.299988,"USDXPF":109.603597,"USDYER":249.800003,"USDZAR":13.350804,"USDZMK":9.225037,"USDZMW":9.180363,"USDZWL":322.355011}